Major field of study,Labour force status,Population,,Major Field of Study,Employed,Unemployed
01. Agricultural and veterinary sciences/services/operations and related fields 13,Total - Labour force status,"262,580",,"Business, management & public admin","3,472,623","285,627"
"01.00 Agriculture, general",Total - Labour force status,"65,590",,"Architecture, engineering & trades","3,218,618","287,502"
01.01 Agricultural business and management,Total - Labour force status,"14,025",,Health and related fields,"2,288,052","156,448"
01.02 Agricultural mechanization,Total - Labour force status,"6,710",,Social & behavioural sciences and law,"1,828,625","187,500"
01.03 Agricultural production operations,Total - Labour force status,"17,070",,Education,"1,037,330","75,685"
01.04 Agricultural and food products processing,Total - Labour force status,"2,570",,"Personal, protective & transportation","900,750","105,675"
01.05 Agricultural and domestic animal services,Total - Labour force status,"11,640",,Humanities,"826,492","100,068"
01.06 Applied horticulture/horticultural business services,Total - Labour force status,"49,340",,"Math, computer & information sciences","737,479","66,751"
01.07 International agriculture,Total - Labour force status,50,,Physical & life sciences and tech,"649,907","69,813"
01.08 Agricultural public services,Total - Labour force status,250,,"Visual & performing arts, communications","554,242","77,013"
01.09 Animal sciences,Total - Labour force status,"12,130",,"Agriculture, natural resources & conservation","371,676","35,864"
01.10 Food science and technology,Total - Labour force status,"19,930",,,,
01.11 Plant sciences,Total - Labour force status,"13,225",,,,
01.12 Soil sciences,Total - Labour force status,"2,515",,,,
01.13 Agriculture/veterinary preparatory programs,Total - Labour force status,95,,,,
01.80 Veterinary medicine (DVM),Total - Labour force status,"16,355",,,,
"01.81 Veterinary biomedical and clinical sciences (Cert., MS, MSc, PhD)",Total - Labour force status,"2,825",,,,
01.82 Veterinary administrative services,Total - Labour force status,"1,535",,,,
01.83 Veterinary/animal health technologies/technicians,Total - Labour force status,"26,110",,,,
"01.99 Agricultural and veterinary sciences/services/operations and related fields, other",Total - Labour force status,620,,,,
03. Natural resources and conservation,Total - Labour force status,"144,960",,,,
03.01 Natural resources conservation and research,Total - Labour force status,"57,625",,,,
03.02 Environmental/natural resources management and policy,Total - Labour force status,"23,005",,,,
03.03 Fishing and fisheries sciences and management,Total - Labour force status,"1,800",,,,
03.05 Forestry,Total - Labour force status,"55,750",,,,
03.06 Wildlife and wildlands science and management,Total - Labour force status,"6,255",,,,
"03.99 Natural resources and conservation, other",Total - Labour force status,535,,,,
04. Architecture and related services,Total - Labour force status,"135,025",,,,
04.02 Architecture,Total - Labour force status,"55,900",,,,
"04.03 City/urban, community and regional planning",Total - Labour force status,"26,790",,,,
04.04 Environmental design/architecture,Total - Labour force status,"4,075",,,,
04.05 Interior architecture,Total - Labour force status,"1,155",,,,
"04.06 Landscape architecture (BS, BSc, BSLA, BLA, MSLA, MLA, PhD)",Total - Labour force status,"5,875",,,,
"04.08 Architectural history, criticism, and conservation",Total - Labour force status,635,,,,
04.09 Architectural sciences and technology,Total - Labour force status,"38,080",,,,
04.10 Real estate development,Total - Labour force status,205,,,,
"04.99 Architecture and related services, other",Total - Labour force status,"2,300",,,,
"05. Area, ethnic, cultural, gender, and group studies",Total - Labour force status,"29,435",,,,
05.01 Area studies,Total - Labour force status,"15,125",,,,
"05.02 Ethnic, cultural minority, gender, and group studies",Total - Labour force status,"14,295",,,,
"05.99 Area, ethnic, cultural, gender, and group studies, other",Total - Labour force status,15,,,,
"09. Communication, journalism and related programs",Total - Labour force status,"233,405",,,,
09.01 Communication and media studies,Total - Labour force status,"114,770",,,,
09.04 Journalism,Total - Labour force status,"48,140",,,,
"09.07 Radio, television and digital communication",Total - Labour force status,"17,135",,,,
"09.09 Public relations, advertising and applied communication",Total - Labour force status,"48,485",,,,
09.10 Publishing,Total - Labour force status,"1,785",,,,
"09.99 Communication, journalism and related programs, other",Total - Labour force status,"3,080",,,,
10. Communications technologies/technicians and support services,Total - Labour force status,"74,785",,,,
10.01 Communications technology/technician,Total - Labour force status,"2,065",,,,
10.02 Audiovisual communications technologies/technicians,Total - Labour force status,"19,880",,,,
10.03 Graphic communications,Total - Labour force status,"50,425",,,,
"10.99 Communications technologies/technicians and support services, other",Total - Labour force status,"2,410",,,,
11. Computer and information sciences and support services,Total - Labour force status,"643,145",,,,
"11.01 Computer and information sciences and support services, general",Total - Labour force status,"164,685",,,,
11.02 Computer programming,Total - Labour force status,"61,970",,,,
11.03 Data processing and data processing technology/technician,Total - Labour force status,"4,000",,,,
11.04 Information science/studies,Total - Labour force status,"4,610",,,,
11.05 Computer systems analysis/analyst,Total - Labour force status,"15,140",,,,
11.06 Data entry/microcomputer applications,Total - Labour force status,"10,895",,,,
11.07 Computer science,Total - Labour force status,"288,310",,,,
11.08 Computer software and media applications,Total - Labour force status,"24,420",,,,
11.09 Computer systems networking and telecommunications,Total - Labour force status,"1,115",,,,
11.10 Computer/information technology administration and management,Total - Labour force status,"52,890",,,,
"11.99 Computer and information sciences and support services, other",Total - Labour force status,"15,105",,,,
"12. Culinary, entertainment, and personal services",Total - Labour force status,"548,525",,,,
12.03 Funeral service and mortuary science,Total - Labour force status,"6,055",,,,
12.04 Cosmetology and related personal grooming services,Total - Labour force status,"329,710",,,,
12.05 Culinary arts and related services,Total - Labour force status,"212,415",,,,
12.06 Casino operations and services,Total - Labour force status,345,,,,
"12.99 Culinary, entertainment, and personal services, other",Total - Labour force status,0,,,,
13. Education,Total - Labour force status,"1,113,015",,,,
"13.01 Education, general",Total - Labour force status,"670,515",,,,
"13.02 Bilingual, multilingual and multicultural education",Total - Labour force status,975,,,,
13.03 Curriculum and instruction,Total - Labour force status,"3,380",,,,
13.04 Educational administration and supervision,Total - Labour force status,"23,370",,,,
13.05 Educational/instructional media design,Total - Labour force status,"3,360",,,,
"13.06 Educational assessment, evaluation and research",Total - Labour force status,835,,,,
13.07 International and comparative education,Total - Labour force status,275,,,,
13.09 Social and philosophical foundations of education,Total - Labour force status,670,,,,
13.10 Special education and teaching,Total - Labour force status,"61,975",,,,
13.11 Student counselling and personnel services,Total - Labour force status,"13,100",,,,
"13.12 Teacher education and professional development, specific levels and methods",Total - Labour force status,"117,740",,,,
"13.13 Teacher education and professional development, specific subject areas",Total - Labour force status,"167,680",,,,
13.14 Teaching English or French as a second or foreign language,Total - Labour force status,"9,210",,,,
13.15 Teaching assistants/aides,Total - Labour force status,"33,970",,,,
"13.99 Education, other",Total - Labour force status,"5,950",,,,
14. Engineering,Total - Labour force status,"900,470",,,,
14.01 General engineering,Total - Labour force status,"199,280",,,,
"14.02 Aerospace, aeronautical and astronautical/space engineering",Total - Labour force status,"12,725",,,,
14.03 Agricultural engineering,Total - Labour force status,"6,845",,,,
14.04 Architectural engineering,Total - Labour force status,"2,685",,,,
14.05 Biomedical/medical engineering,Total - Labour force status,"7,555",,,,
14.06 Ceramic sciences and engineering,Total - Labour force status,120,,,,
14.07 Chemical engineering,Total - Labour force status,"45,520",,,,
14.08 Civil engineering,Total - Labour force status,"110,500",,,,
14.09 Computer engineering,Total - Labour force status,"70,175",,,,
"14.10 Electrical, electronics and communications engineering",Total - Labour force status,"156,365",,,,
14.11 Engineering mechanics,Total - Labour force status,485,,,,
14.12 Engineering physics/applied physics,Total - Labour force status,"5,475",,,,
14.13 Engineering science,Total - Labour force status,"1,805",,,,
14.14 Environmental/environmental health engineering,Total - Labour force status,"7,955",,,,
14.18 Materials engineering,Total - Labour force status,"5,560",,,,
14.19 Mechanical engineering,Total - Labour force status,"140,890",,,,
14.20 Metallurgical engineering,Total - Labour force status,"2,945",,,,
14.21 Mining and mineral engineering,Total - Labour force status,"6,160",,,,
14.22 Naval architecture and marine engineering,Total - Labour force status,"4,745",,,,
14.23 Nuclear engineering,Total - Labour force status,"1,455",,,,
14.24 Ocean engineering,Total - Labour force status,95,,,,
14.25 Petroleum engineering,Total - Labour force status,"5,955",,,,
14.27 Systems engineering,Total - Labour force status,"3,550",,,,
14.28 Textile sciences and engineering,Total - Labour force status,"1,375",,,,
14.32 Polymer/plastics engineering,Total - Labour force status,545,,,,
14.33 Construction engineering,Total - Labour force status,"12,470",,,,
14.34 Forest engineering,Total - Labour force status,"2,545",,,,
14.35 Industrial engineering,Total - Labour force status,"23,010",,,,
14.36 Manufacturing engineering,Total - Labour force status,"3,890",,,,
14.37 Operations research,Total - Labour force status,"1,385",,,,
14.38 Surveying engineering,Total - Labour force status,"4,750",,,,
14.39 Geological/geophysical engineering,Total - Labour force status,"3,775",,,,
14.40 Paper science and engineering,Total - Labour force status,150,,,,
14.41 Electromechanical engineering,Total - Labour force status,"2,495",,,,
"14.42 Mechatronics, robotics, and automation engineering",Total - Labour force status,"6,765",,,,
14.43 Biochemical engineering,Total - Labour force status,830,,,,
14.44 Engineering chemistry,Total - Labour force status,"1,415",,,,
14.45 Biological/biosystems engineering,Total - Labour force status,"1,315",,,,
14.47 Electrical and computer engineering,Total - Labour force status,"8,150",,,,
14.48 Energy systems engineering,Total - Labour force status,"6,005",,,,
"14.99 Engineering, other",Total - Labour force status,"20,770",,,,
15. Engineering/engineering-related technologies/technicians,Total - Labour force status,"726,155",,,,
15.00 General engineering technologies/technicians,Total - Labour force status,"44,215",,,,
15.01 Architectural engineering technology/technician,Total - Labour force status,"1,805",,,,
15.02 Civil engineering technology/technician,Total - Labour force status,"52,935",,,,
15.03 Electrical/electronic engineering technologies/technicians,Total - Labour force status,"190,290",,,,
15.04 Electromechanical technologies/technicians,Total - Labour force status,"52,385",,,,
15.05 Environmental control technologies/technicians,Total - Labour force status,"22,475",,,,
15.06 Industrial production technologies/technicians,Total - Labour force status,"27,680",,,,
15.07 Quality control and safety technologies/technicians,Total - Labour force status,"28,940",,,,
15.08 Mechanical engineering related technologies/technicians,Total - Labour force status,"72,380",,,,
15.09 Mining and petroleum technologies/technicians,Total - Labour force status,"34,890",,,,
15.10 Construction engineering technology/technician,Total - Labour force status,"7,615",,,,
15.11 Engineering-related technologies/technicians,Total - Labour force status,"12,920",,,,
15.12 Computer engineering technologies/technicians,Total - Labour force status,"59,330",,,,
15.13 Drafting/design engineering technologies/technicians,Total - Labour force status,"44,500",,,,
15.14 Nuclear engineering technology/technician,Total - Labour force status,40,,,,
15.15 Engineering-related fields,Total - Labour force status,"5,600",,,,
15.16 Nanotechnology,Total - Labour force status,"1,010",,,,
15.17 Energy systems technologies/technicians,Total - Labour force status,"56,280",,,,
"15.99 Engineering/engineering-related technologies/technicians, other",Total - Labour force status,"10,870",,,,
"16. Indigenous and foreign languages, literatures, and linguistics",Total - Labour force status,"106,345",,,,
"16.01 Linguistic, comparative and related language studies and services",Total - Labour force status,"72,325",,,,
"16.02 African languages, literatures and linguistics",Total - Labour force status,55,,,,
"16.03 East Asian languages, literatures and linguistics",Total - Labour force status,"7,850",,,,
"16.04 Slavic, Baltic and Albanian languages, literatures and linguistics",Total - Labour force status,"2,305",,,,
"16.05 Germanic languages, literatures and linguistics",Total - Labour force status,"3,515",,,,
16.06 Modern Greek language and literature,Total - Labour force status,70,,,,
"16.07 South Asian languages, literatures and linguistics",Total - Labour force status,"4,950",,,,
"16.08 Iranian languages, literatures and linguistics",Total - Labour force status,485,,,,
"16.09 Romance languages, literatures and linguistics",Total - Labour force status,"5,160",,,,
"16.10 Indigenous languages, literatures, and linguistics of the Americas",Total - Labour force status,510,,,,
"16.11 Middle/Near Eastern and Semitic languages, literatures and linguistics",Total - Labour force status,"1,580",,,,
"16.12 Classics and classical languages, literatures and linguistics",Total - Labour force status,780,,,,
"16.13 Celtic languages, literatures and linguistics",Total - Labour force status,40,,,,
"16.14 Southeast Asian and Australasian/Pacific languages, literatures and linguistics",Total - Labour force status,240,,,,
"16.15 Turkic, Uralic-Altaic, Caucasian and Central Asian languages, literatures and linguistics",Total - Labour force status,175,,,,
16.16 Sign language,Total - Labour force status,"2,340",,,,
16.17 Second language learning,Total - Labour force status,"2,980",,,,
"16.18 Armenian languages, literatures, and linguistics",Total - Labour force status,45,,,,
"16.99 Indigenous and foreign languages, literatures and linguistics, other",Total - Labour force status,940,,,,
19. Family and consumer sciences/human sciences,Total - Labour force status,"344,145",,,,
"19.01 Family and consumer sciences/human sciences, general",Total - Labour force status,"17,810",,,,
19.02 Family and consumer sciences/human sciences business services,Total - Labour force status,"2,520",,,,
19.04 Family and consumer economics and related services,Total - Labour force status,85,,,,
"19.05 Foods, nutrition and related services",Total - Labour force status,"34,285",,,,
19.06 Housing and human environments,Total - Labour force status,"11,230",,,,
"19.07 Human development, family studies and related services",Total - Labour force status,"245,085",,,,
19.09 Apparel and textiles,Total - Labour force status,"27,150",,,,
19.10 Work and family studies,Total - Labour force status,"1,865",,,,
"19.99 Family and consumer sciences/human sciences, other",Total - Labour force status,"4,115",,,,
22. Legal professions and studies,Total - Labour force status,"325,780",,,,
22.00 Non-professional legal studies,Total - Labour force status,"6,070",,,,
"22.01 Law (LLB, JD, BCL)",Total - Labour force status,"160,775",,,,
22.02 Legal research and advanced professional studies (post-LLB/JD),Total - Labour force status,"43,375",,,,
22.03 Legal support services,Total - Labour force status,"115,105",,,,
"22.99 Legal professions and studies, other",Total - Labour force status,460,,,,
23. English language and literature/letters,Total - Labour force status,"184,605",,,,
"23.01 English language and literature, general",Total - Labour force status,"118,910",,,,
23.13 English rhetoric and composition/writing studies,Total - Labour force status,"8,680",,,,
23.14 English literature,Total - Labour force status,"56,390",,,,
"23.99 English language and literature/letters, other",Total - Labour force status,620,,,,
"24. Liberal arts and sciences, general studies and humanities",Total - Labour force status,"316,050",,,,
"24.01 Liberal arts and sciences, general studies and humanities",Total - Labour force status,"316,050",,,,
25. Library science,Total - Labour force status,"43,085",,,,
25.01 Library science and administration,Total - Labour force status,"26,585",,,,
25.03 Library and archives assisting,Total - Labour force status,"16,440",,,,
"25.99 Library science, other",Total - Labour force status,55,,,,
26. Biological and biomedical sciences,Total - Labour force status,"297,050",,,,
"26.01 Biology, general",Total - Labour force status,"122,640",,,,
26.02 Biochemistry/biophysics and molecular biology,Total - Labour force status,"45,040",,,,
26.03 Botany/plant biology,Total - Labour force status,"8,585",,,,
26.04 Cell/cellular biology and anatomical sciences,Total - Labour force status,"6,595",,,,
26.05 Microbiological sciences and immunology,Total - Labour force status,"26,590",,,,
26.07 Zoology/animal biology,Total - Labour force status,"12,580",,,,
26.08 Genetics,Total - Labour force status,"6,290",,,,
"26.09 Physiology, pathology and related sciences",Total - Labour force status,"12,270",,,,
26.10 Pharmacology and toxicology,Total - Labour force status,"8,405",,,,
"26.11 Biomathematics, bioinformatics, and computational biology",Total - Labour force status,"2,770",,,,
26.12 Biotechnology,Total - Labour force status,"12,510",,,,
"26.13 Ecology, evolution, systematics and population biology",Total - Labour force status,"20,035",,,,
26.14 Molecular medicine,Total - Labour force status,510,,,,
26.15 Neurobiology and neurosciences,Total - Labour force status,"12,190",,,,
"26.99 Biological and biomedical sciences, other",Total - Labour force status,35,,,,
27. Mathematics and statistics,Total - Labour force status,"99,360",,,,
27.01 Mathematics,Total - Labour force status,"72,285",,,,
27.03 Applied mathematics,Total - Labour force status,"8,485",,,,
27.05 Statistics,Total - Labour force status,"18,040",,,,
27.06 Applied statistics,Total - Labour force status,290,,,,
"27.99 Mathematics and statistics, other",Total - Labour force status,265,,,,
"28. Military science, leadership and operational art",Total - Labour force status,"3,965",,,,
"28.08 Military science, leadership and operational artCAN",Total - Labour force status,"3,965",,,,
29. Military technologies and applied sciences,Total - Labour force status,"6,900",,,,
29.05 Military technologies and applied sciencesCAN,Total - Labour force status,"6,900",,,,
30.01 Biological and physical sciences,Total - Labour force status,"155,960",,,,
30.05 Peace studies and conflict resolution,Total - Labour force status,"3,565",,,,
30.06 Systems science and theory,Total - Labour force status,210,,,,
30.08 Mathematics and computer science,Total - Labour force status,"10,450",,,,
30.10 Biopsychology,Total - Labour force status,"3,650",,,,
30.11 Gerontology,Total - Labour force status,"9,505",,,,
30.12 Historic preservation and conservation,Total - Labour force status,580,,,,
30.13 Medieval and renaissance studies,Total - Labour force status,705,,,,
30.14 Museology/museum studies,Total - Labour force status,"3,300",,,,
"30.15 Science, technology and society",Total - Labour force status,170,,,,
30.16 Accounting and computer science,Total - Labour force status,"5,335",,,,
30.17 Behavioural sciences,Total - Labour force status,"3,665",,,,
30.18 Natural sciences,Total - Labour force status,"24,375",,,,
30.19 Nutrition sciences,Total - Labour force status,"3,620",,,,
30.20 International/globalization studies,Total - Labour force status,"6,895",,,,
30.21 Holocaust and related studies,Total - Labour force status,30,,,,
30.22 Classical and ancient studies,Total - Labour force status,"5,620",,,,
30.23 Intercultural/multicultural and diversity studies,Total - Labour force status,"1,035",,,,
30.25 Cognitive science,Total - Labour force status,"2,075",,,,
30.26 Cultural studies/critical theory and analysis,Total - Labour force status,"3,040",,,,
30.27 Human biology,Total - Labour force status,"1,955",,,,
30.28 Dispute resolution,Total - Labour force status,"1,250",,,,
30.29 Maritime studies,Total - Labour force status,355,,,,
30.30 Computational science,Total - Labour force status,395,,,,
30.31 Human computer interaction,Total - Labour force status,220,,,,
30.32 Marine sciences,Total - Labour force status,380,,,,
30.33 Sustainability studies,Total - Labour force status,"3,025",,,,
30.34 Anthrozoology,Total - Labour force status,25,,,,
30.35 Climate science,Total - Labour force status,530,,,,
30.36 Cultural studies and comparative literature,Total - Labour force status,55,,,,
30.37 Design for human health,Total - Labour force status,40,,,,
30.38 Earth systems science,Total - Labour force status,30,,,,
30.39 Economics and computer science,Total - Labour force status,865,,,,
30.40 Economics and foreign language/literature,Total - Labour force status,780,,,,
30.41 Environmental geosciences,Total - Labour force status,550,,,,
30.42 Geoarchaeology,Total - Labour force status,15,,,,
30.43 Geobiology,Total - Labour force status,270,,,,
30.44 Geography and environmental studies,Total - Labour force status,"3,380",,,,
30.45 History and language/literature,Total - Labour force status,"10,780",,,,
30.46 History and political science,Total - Labour force status,"7,870",,,,
30.47 Linguistics and anthropology,Total - Labour force status,195,,,,
30.48 Linguistics and computer science,Total - Labour force status,170,,,,
30.49 Mathematical economics,Total - Labour force status,"2,405",,,,
30.50 Mathematics and atmospheric/oceanic science,Total - Labour force status,0,,,,
"30.51 Integrated philosophy, politics, and economics",Total - Labour force status,115,,,,
30.52 Digital humanities and textual studies,Total - Labour force status,135,,,,
30.53 Thanatology,Total - Labour force status,"1,010",,,,
30.70 Data science,Total - Labour force status,"1,510",,,,
30.71 Data analytics,Total - Labour force status,"2,630",,,,
30A Interdisciplinary humanities,Total - Labour force status,"18,940",,,,
30B Interdisciplinary social and behavioural sciences,Total - Labour force status,"49,850",,,,
30C Other interdisciplinary physical and life sciences,Total - Labour force status,"35,380",,,,
"30D Interdisciplinary mathematics, computer and information sciences",Total - Labour force status,"18,640",,,,
"31. Parks, recreation, leisure, fitness, and kinesiology",Total - Labour force status,"180,785",,,,
"31.01 Parks, recreation, and leisure studies",Total - Labour force status,"30,110",,,,
"31.03 Parks, recreation, and leisure facilities management",Total - Labour force status,"4,040",,,,
"31.05 Sports, kinesiology, and physical education/physical fitness",Total - Labour force status,"142,570",,,,
31.06 Outdoor education,Total - Labour force status,"3,565",,,,
"31.99 Parks, recreation, leisure, fitness, and kinesiology, other",Total - Labour force status,500,,,,
38. Philosophy and religious studies,Total - Labour force status,"57,740",,,,
"38.00 Philosophy and religious studies, general",Total - Labour force status,"1,075",,,,
"38.01 Philosophy, logic and ethics",Total - Labour force status,"35,165",,,,
38.02 Religion/religious studies,Total - Labour force status,"21,330",,,,
"38.99 Philosophy and religious studies, other",Total - Labour force status,170,,,,
39. Theology and religious vocations,Total - Labour force status,"77,505",,,,
39.02 Bible/Biblical studies,Total - Labour force status,"10,545",,,,
39.03 Missions/missionary studies and missiology,Total - Labour force status,685,,,,
39.04 Religious education,Total - Labour force status,"7,535",,,,
39.05 Religious music and worship,Total - Labour force status,720,,,,
39.06 Theological and ministerial studies,Total - Labour force status,"51,545",,,,
39.07 Pastoral counselling and specialized ministries,Total - Labour force status,"5,535",,,,
39.08 Religious institution administration and law,Total - Labour force status,270,,,,
"39.99 Theology and religious vocations, other",Total - Labour force status,665,,,,
40. Physical sciences,Total - Labour force status,"196,620",,,,
"40.01 Physical sciences, general",Total - Labour force status,"14,470",,,,
40.02 Astronomy and astrophysics,Total - Labour force status,"2,665",,,,
40.04 Atmospheric sciences and meteorology,Total - Labour force status,"2,800",,,,
40.05 Chemistry,Total - Labour force status,"80,540",,,,
40.06 Geological and Earth sciences/geosciences,Total - Labour force status,"45,360",,,,
40.08 Physics,Total - Labour force status,"43,510",,,,
40.10 Materials sciences,Total - Labour force status,"4,375",,,,
40.11 Physics and astronomy,Total - Labour force status,670,,,,
"40.99 Physical sciences, other",Total - Labour force status,"2,230",,,,
41. Science technologies/technicians,Total - Labour force status,"34,710",,,,
"41.00 Science technologies/technicians, general",Total - Labour force status,"17,665",,,,
41.01 Biology and biotechnology technologies/technicians,Total - Labour force status,"2,785",,,,
41.02 Nuclear and industrial radiologic technologies/technicians,Total - Labour force status,655,,,,
41.03 Physical science technologies/technicians,Total - Labour force status,"12,970",,,,
"41.99 Science technologies/technicians, other",Total - Labour force status,640,,,,
42. Psychology,Total - Labour force status,"327,960",,,,
"42.01 Psychology, general",Total - Labour force status,"259,430",,,,
42.27 Research and experimental psychology,Total - Labour force status,"17,425",,,,
"42.28 Clinical, counselling and applied psychology",Total - Labour force status,"49,765",,,,
"42.99 Psychology, other",Total - Labour force status,"1,345",,,,
43. Security and protective services,Total - Labour force status,"227,835",,,,
43.01 Criminal justice and corrections,Total - Labour force status,"177,615",,,,
43.02 Fire protection,Total - Labour force status,"37,735",,,,
"43.03 Security and protective services, specialized programs",Total - Labour force status,"6,680",,,,
43.04 Security science and technology,Total - Labour force status,"4,020",,,,
"43.99 Security and protective services, other",Total - Labour force status,"1,790",,,,
44. Public administration and social service professions,Total - Labour force status,"272,240",,,,
"44.00 Human services, general",Total - Labour force status,"51,815",,,,
44.02 Community organization and advocacy,Total - Labour force status,355,,,,
44.04 Public administration,Total - Labour force status,"37,775",,,,
44.05 Public policy analysis,Total - Labour force status,"7,100",,,,
44.07 Social work,Total - Labour force status,"174,675",,,,
"44.99 Public administration and social service professions, other",Total - Labour force status,520,,,,
45. Social sciences,Total - Labour force status,"705,540",,,,
45.01 General social sciences,Total - Labour force status,"58,045",,,,
45.02 Anthropology,Total - Labour force status,"30,240",,,,
45.03 Archaeology,Total - Labour force status,"6,330",,,,
45.04 Criminology,Total - Labour force status,"65,010",,,,
45.05 Demography,Total - Labour force status,875,,,,
45.06 Economics,Total - Labour force status,"202,525",,,,
45.07 Geography and cartography,Total - Labour force status,"74,960",,,,
45.09 International relations and national security studies,Total - Labour force status,"18,185",,,,
45.10 Political science and government,Total - Labour force status,"126,450",,,,
45.11 Sociology,Total - Labour force status,"111,990",,,,
45.12 Urban studies/affairs,Total - Labour force status,"2,800",,,,
45.13 Sociology and anthropology,Total - Labour force status,"2,885",,,,
45.15 Geography and anthropology,Total - Labour force status,300,,,,
"45.99 Social sciences, other",Total - Labour force status,"4,955",,,,
46. Construction trades,Total - Labour force status,"703,900",,,,
"46.00 Construction trades, general",Total - Labour force status,"45,970",,,,
46.01 Masonry/mason,Total - Labour force status,"22,700",,,,
46.02 Carpentry/carpenter,Total - Labour force status,"164,225",,,,
46.03 Electrical and power transmission installers,Total - Labour force status,"233,830",,,,
"46.04 Building/construction finishing, management and inspection",Total - Labour force status,"97,740",,,,
46.05 Plumbing and related water supply services,Total - Labour force status,"133,090",,,,
"46.99 Construction trades, other",Total - Labour force status,"6,355",,,,
47. Mechanic and repair technologies/technicians,Total - Labour force status,"659,485",,,,
"47.00 Mechanics and repairers, general",Total - Labour force status,"99,485",,,,
47.01 Electrical/electronics maintenance and repair technologies/technicians,Total - Labour force status,"46,005",,,,
"47.02 Heating, air conditioning, ventilation and refrigeration maintenance technology/technician",Total - Labour force status,"49,815",,,,
47.03 Heavy/industrial equipment maintenance technologies/technicians,Total - Labour force status,"139,110",,,,
47.04 Precision systems maintenance and repair technologies/technicians,Total - Labour force status,"18,225",,,,
47.06 Vehicle maintenance and repair technologies/technicians,Total - Labour force status,"304,700",,,,
47.07 Energy systems maintenance and repair technologies/technicians,Total - Labour force status,"1,365",,,,
"47.99 Mechanic and repair technologies/technicians, other",Total - Labour force status,785,,,,
48. Precision production,Total - Labour force status,"380,505",,,,
"48.00 Precision production trades, general",Total - Labour force status,570,,,,
48.03 Leatherworking and upholstery,Total - Labour force status,"3,405",,,,
48.05 Precision metal working,Total - Labour force status,"315,475",,,,
48.07 Woodworking,Total - Labour force status,"47,540",,,,
48.08 Boilermaking/boilermaker,Total - Labour force status,"8,035",,,,
"48.99 Precision production, other",Total - Labour force status,"5,490",,,,
49. Transportation and materials moving,Total - Labour force status,"219,200",,,,
49.01 Air transportation,Total - Labour force status,"42,950",,,,
49.02 Ground transportation,Total - Labour force status,"147,975",,,,
49.03 Marine transportation,Total - Labour force status,"25,570",,,,
"49.99 Transportation and materials moving, other",Total - Labour force status,"2,710",,,,
50. Visual and performing arts,Total - Labour force status,"556,470",,,,
"50.01 Visual, digital and performing arts, general",Total - Labour force status,"23,980",,,,
"50.02 Crafts/craft design, folk art and artisanry",Total - Labour force status,"1,290",,,,
50.03 Dance,Total - Labour force status,"6,480",,,,
50.04 Design and applied arts,Total - Labour force status,"206,775",,,,
50.05 Drama/theatre arts and stagecraft,Total - Labour force status,"42,340",,,,
50.06 Film/video and photographic arts,Total - Labour force status,"66,565",,,,
50.07 Fine arts and art studies,Total - Labour force status,"129,195",,,,
50.09 Music,Total - Labour force status,"76,200",,,,
"50.10 Arts, entertainment, and media management",Total - Labour force status,"3,175",,,,
50.11 Community/environmental/socially-engaged art,Total - Labour force status,65,,,,
"50.99 Visual and performing arts, other",Total - Labour force status,400,,,,
51. Health professions and related programs 14,Total - Labour force status,"2,194,395",,,,
51.00 General health services/allied health/health sciences,Total - Labour force status,"91,720",,,,
51.01 Chiropractic (DC),Total - Labour force status,"9,835",,,,
51.02 Communication disorders sciences and services,Total - Labour force status,"18,585",,,,
"51.04 Dentistry (DDS, DMD)",Total - Labour force status,"38,240",,,,
"51.05 Advanced/graduate dentistry and oral sciences (Cert., MS, MSc, PhD)",Total - Labour force status,"5,570",,,,
51.06 Dental support services and allied professions,Total - Labour force status,"115,095",,,,
51.07 Health and medical administrative services,Total - Labour force status,"132,140",,,,
51.08 Allied health and medical assisting services,Total - Labour force status,"65,580",,,,
"51.09 Allied health diagnostic, intervention and treatment professions",Total - Labour force status,"96,860",,,,
51.10 Clinical/medical laboratory science/research and allied professions,Total - Labour force status,"59,035",,,,
51.11 Health/medical preparatory programs,Total - Labour force status,"17,640",,,,
51.12 Medicine,Total - Labour force status,"85,470",,,,
51.14 Medical clinical sciences/graduate medical studies,Total - Labour force status,"26,975",,,,
51.15 Mental and social health services and allied professions,Total - Labour force status,"35,220",,,,
51.17 Optometry (OD),Total - Labour force status,"8,080",,,,
51.18 Ophthalmic and optometric support services and allied professions,Total - Labour force status,"13,685",,,,
"51.20 Pharmacy, pharmaceutical sciences and administration",Total - Labour force status,"72,375",,,,
51.22 Public health,Total - Labour force status,"30,995",,,,
51.23 Rehabilitation and therapeutic professions,Total - Labour force status,"91,615",,,,
51.26 Health aides/attendants/orderlies,Total - Labour force status,"271,690",,,,
51.27 Medical illustration and informatics,Total - Labour force status,"1,715",,,,
51.31 Dietetics and clinical nutrition services,Total - Labour force status,"19,425",,,,
"51.32 Health professions education, ethics, and humanities",Total - Labour force status,"3,880",,,,
51.33 Alternative and complementary medicine and medical systems,Total - Labour force status,"11,465",,,,
51.34 Alternative and complementary medical support services,Total - Labour force status,"10,170",,,,
51.35 Somatic bodywork and related therapeutic services,Total - Labour force status,"46,780",,,,
51.36 Movement and mind-body therapies,Total - Labour force status,"2,405",,,,
51.37 Energy-based and biologically-based therapies,Total - Labour force status,"1,415",,,,
"51.38 Registered nursing, nursing administration, nursing research and clinical nursing",Total - Labour force status,"655,730",,,,
"51.39 Practical nursing, vocational nursing and nursing assistants",Total - Labour force status,"154,065",,,,
"51.99 Health professions and related programs, other",Total - Labour force status,960,,,,
"52. Business, management, marketing and related support services",Total - Labour force status,"3,480,675",,,,
"52.01 Business/commerce, general",Total - Labour force status,"621,190",,,,
"52.02 Business administration, management and operations",Total - Labour force status,"848,065",,,,
52.03 Accounting and related services,Total - Labour force status,"635,775",,,,
52.04 Business operations support and assistant services,Total - Labour force status,"382,000",,,,
52.05 Business/corporate communications,Total - Labour force status,"2,965",,,,
52.06 Business/managerial economics,Total - Labour force status,"22,670",,,,
52.07 Entrepreneurial and small business operations,Total - Labour force status,"13,070",,,,
52.08 Finance and financial management services,Total - Labour force status,"221,870",,,,
52.09 Hospitality administration/management,Total - Labour force status,"128,710",,,,
52.10 Human resources management and services,Total - Labour force status,"139,880",,,,
52.11 International business/trade/commerce,Total - Labour force status,"32,465",,,,
52.12 Management information systems and services,Total - Labour force status,"19,245",,,,
52.13 Management sciences and quantitative methods,Total - Labour force status,"16,105",,,,
52.14 Marketing,Total - Labour force status,"157,820",,,,
52.15 Real estate,Total - Labour force status,"62,365",,,,
52.16 Taxation,Total - Labour force status,"4,835",,,,
52.17 Insurance,Total - Labour force status,"37,775",,,,
"52.18 General sales, merchandising and related marketing operations",Total - Labour force status,"31,595",,,,
"52.19 Specialized sales, merchandising and marketing operations",Total - Labour force status,"90,625",,,,
52.20 Construction management,Total - Labour force status,"9,665",,,,
52.21 Telecommunications management,Total - Labour force status,190,,,,
"52.99 Business, management, marketing and related support services, other",Total - Labour force status,"1,790",,,,
54. History,Total - Labour force status,"108,935",,,,
54.01 History,Total - Labour force status,"108,935",,,,
55. French language and literature/lettersCAN,Total - Labour force status,"56,440",,,,
"55.01 French language and literature, generalCAN",Total - Labour force status,"35,205",,,,
55.13 French rhetoric and composition/writing studiesCAN,Total - Labour force status,"2,195",,,,
55.14 French literatureCAN,Total - Labour force status,"18,645",,,,
"55.99 French language and literature/letters, otherCAN",Total - Labour force status,400,,,,
60. Health professions residency/fellowship programs,Total - Labour force status,"5,255",,,,
60.01 Dental residency/fellowship programs,Total - Labour force status,"1,225",,,,
60.03 Veterinary residency/fellowship programs,Total - Labour force status,705,,,,
60.07 Nurse practitioner residency/fellowship programs,Total - Labour force status,"3,270",,,,
60.08 Pharmacy residency/fellowship programs,Total - Labour force status,50,,,,
60.09 Physician assistant residency/fellowship programs,Total - Labour force status,0,,,,
"60.99 Health professions residency/fellowship programs, other",Total - Labour force status,0,,,,
61. Medical residency/fellowship programs,Total - Labour force status,"64,025",,,,
61.01 Combined medical residency/fellowship programs,Total - Labour force status,930,,,,
61.02 Multiple-pathway medical fellowship programs,Total - Labour force status,755,,,,
61.03 Allergy and immunology residency/fellowship programs,Total - Labour force status,190,,,,
61.04 Anesthesiology residency/fellowship programs,Total - Labour force status,"3,430",,,,
61.05 Dermatology residency/fellowship programs,Total - Labour force status,785,,,,
61.06 Emergency medicine residency/fellowship programs,Total - Labour force status,"2,050",,,,
61.07 Family medicine residency/fellowship programs,Total - Labour force status,"18,835",,,,
61.08 Internal medicine residency/fellowship programs,Total - Labour force status,"7,910",,,,
61.09 Medical genetics and genomics residency/fellowship programs,Total - Labour force status,50,,,,
61.10 Neurological surgery residency/fellowship programs,Total - Labour force status,295,,,,
61.11 Neurology residency/fellowship programs,Total - Labour force status,"1,180",,,,
61.12 Nuclear medicine residency/fellowship programs,Total - Labour force status,115,,,,
61.13 Obstetrics and gynecology residency/fellowship programs,Total - Labour force status,"2,975",,,,
61.14 Ophthalmology residency/fellowship programs,Total - Labour force status,"1,585",,,,
61.15 Orthopedic surgery residency/fellowship programs,Total - Labour force status,"1,445",,,,
61.16 Osteopathic medicine residency/fellowship programs,Total - Labour force status,0,,,,
61.17 Otolaryngology residency/fellowship programs,Total - Labour force status,700,,,,
61.18 Pathology residency/fellowship programs,Total - Labour force status,"1,860",,,,
61.19 Pediatrics residency/fellowship programs,Total - Labour force status,"4,175",,,,
61.20 Physical medicine and rehabilitation residency/fellowship programs,Total - Labour force status,870,,,,
61.21 Plastic surgery residency/fellowship programs,Total - Labour force status,470,,,,
61.22 Podiatric medicine residency/fellowship programs,Total - Labour force status,15,,,,
61.23 Preventive medicine residency/fellowship programs,Total - Labour force status,525,,,,
61.24 Psychiatry residency/fellowship programs,Total - Labour force status,"4,575",,,,
61.25 Radiation oncology residency/fellowship programs,Total - Labour force status,270,,,,
61.26 Radiology residency/fellowship programs,Total - Labour force status,"2,700",,,,
61.27 Surgery residency/fellowship programs,Total - Labour force status,"4,360",,,,
61.28 Urology residency/fellowship programs,Total - Labour force status,590,,,,
"61.99 Medical residency/fellowship programs, other",Total - Labour force status,390,,,,
"Agriculture, natural resources and conservation",Total - Labour force status,"407,540",,,,
"Architecture, engineering, and related trades",Total - Labour force status,"3,506,120",,,,
"Business, management and public administration",Total - Labour force status,"3,758,250",,,,
Education,Total - Labour force status,"1,113,015",,,,
Health and related fields,Total - Labour force status,"2,444,500",,,,
Humanities,Total - Labour force status,"926,560",,,,
"Mathematics, computer and information sciences",Total - Labour force status,"804,230",,,,
"No postsecondary certificate, diploma or degree",Total - Labour force status,"12,996,875",,,,
Other,Total - Labour force status,"5,300",,,,
"Personal, protective and transportation services",Total - Labour force status,"1,006,425",,,,
Physical and life sciences and technologies,Total - Labour force status,"719,720",,,,
Social and behavioural sciences and law,Total - Labour force status,"2,016,125",,,,
"Visual and performing arts, and communications technologies",Total - Labour force status,"631,255",,,,
